filename,r_norm,g_norm,b_norm,h,s,v,darkness_index,temperature,humidity,exposure_ppm_h
IMG_20260926_172730707.jpg,97.04,92.08,100.29,75.42,63.5,98.97,0.6217,25.0,50.0,5.43
IMG_20260926_172730707.jpg,97.04,92.08,100.29,75.42,63.5,98.97,0.6217,32.0,85.0,7.53
IMG_20260926_172730707.jpg,97.04,92.08,100.29,75.42,63.5,98.97,0.6217,20.0,40.0,4.7
IMG_20260926_172725386.jpg,95.53,90.84,98.93,74.71,62.06,96.66,0.6271,25.0,50.0,6.73
IMG_20260926_172725386.jpg,95.53,90.84,98.93,74.71,62.06,96.66,0.6271,32.0,85.0,9.34
IMG_20260926_172725386.jpg,95.53,90.84,98.93,74.71,62.06,96.66,0.6271,20.0,40.0,5.82
IMG_20260926_172819637.jpg,92.21,84.61,90.66,80.72,69.2,77.44,0.6504,25.0,50.0,9.51
IMG_20260926_172819637.jpg,92.21,84.61,90.66,80.72,69.2,77.44,0.6504,32.0,85.0,13.2
IMG_20260926_172819637.jpg,92.21,84.61,90.66,80.72,69.2,77.44,0.6504,20.0,40.0,8.22
IMG_20260926_172754459.jpg,89.9,81.9,87.11,77.04,70.17,75.61,0.6616,25.0,50.0,11.39
IMG_20260926_172754459.jpg,89.9,81.9,87.11,77.04,70.17,75.61,0.6616,32.0,85.0,15.8
IMG_20260926_172754459.jpg,89.9,81.9,87.11,77.04,70.17,75.61,0.6616,20.0,40.0,9.85
IMG_20260926_172807576.jpg,88.85,81.77,87.94,80.01,66.92,76.34,0.662,25.0,50.0,11.47
IMG_20260926_172807576.jpg,88.85,81.77,87.94,80.01,66.92,76.34,0.662,32.0,85.0,15.91
IMG_20260926_172807576.jpg,88.85,81.77,87.94,80.01,66.92,76.34,0.662,20.0,40.0,9.92
IMG_20260926_172850528.jpg,91.4,78.0,79.68,88.12,77.51,78.37,0.6744,25.0,50.0,13.65
IMG_20260926_172850528.jpg,91.4,78.0,79.68,88.12,77.51,78.37,0.6744,32.0,85.0,18.94
IMG_20260926_172850528.jpg,91.4,78.0,79.68,88.12,77.51,78.37,0.6744,20.0,40.0,11.8
IMG_20260926_172858931.jpg,94.03,77.64,77.39,81.24,79.85,79.09,0.6744,25.0,50.0,13.65
IMG_20260926_172858931.jpg,94.03,77.64,77.39,81.24,79.85,79.09,0.6744,32.0,85.0,18.94
IMG_20260926_172858931.jpg,94.03,77.64,77.39,81.24,79.85,79.09,0.6744,20.0,40.0,11.8
IMG_20260926_172834638.jpg,90.71,77.81,79.65,81.52,79.06,79.14,0.6756,25.0,50.0,13.86
IMG_20260926_172834638.jpg,90.71,77.81,79.65,81.52,79.06,79.14,0.6756,32.0,85.0,19.23
IMG_20260926_172834638.jpg,90.71,77.81,79.65,81.52,79.06,79.14,0.6756,20.0,40.0,11.99
IMG_20260926_172924776.jpg,95.76,76.41,75.67,80.8,82.22,78.68,0.676,25.0,50.0,13.94
IMG_20260926_172924776.jpg,95.76,76.41,75.67,80.8,82.22,78.68,0.676,32.0,85.0,19.34
IMG_20260926_172924776.jpg,95.76,76.41,75.67,80.8,82.22,78.68,0.676,20.0,40.0,12.06
IMG_20260926_172909116.jpg,91.65,75.46,77.13,83.08,82.91,78.76,0.6807,25.0,50.0,14.79
IMG_20260926_172909116.jpg,91.65,75.46,77.13,83.08,82.91,78.76,0.6807,32.0,85.0,20.52
IMG_20260926_172909116.jpg,91.65,75.46,77.13,83.08,82.91,78.76,0.6807,20.0,40.0,12.79
IMG_20260926_172949617.jpg,93.5,74.86,75.08,79.96,83.14,78.04,0.6818,25.0,50.0,14.98
IMG_20260926_172949617.jpg,93.5,74.86,75.08,79.96,83.14,78.04,0.6818,32.0,85.0,20.79
IMG_20260926_172949617.jpg,93.5,74.86,75.08,79.96,83.14,78.04,0.6818,20.0,40.0,12.95
IMG_20260926_172917661.jpg,91.35,74.58,76.4,82.27,83.32,77.67,0.6832,25.0,50.0,15.25
IMG_20260926_172917661.jpg,91.35,74.58,76.4,82.27,83.32,77.67,0.6832,32.0,85.0,21.16
IMG_20260926_172917661.jpg,91.35,74.58,76.4,82.27,83.32,77.67,0.6832,20.0,40.0,13.19
IMG_20260926_172941021.jpg,92.49,74.79,74.98,80.39,82.31,76.92,0.6833,25.0,50.0,15.26
IMG_20260926_172941021.jpg,92.49,74.79,74.98,80.39,82.31,76.92,0.6833,32.0,85.0,21.17
IMG_20260926_172941021.jpg,92.49,74.79,74.98,80.39,82.31,76.92,0.6833,20.0,40.0,13.2
IMG_20260926_172959909.jpg,88.02,71.78,73.59,83.59,81.1,75.07,0.6949,25.0,50.0,17.42
IMG_20260926_172959909.jpg,88.02,71.78,73.59,83.59,81.1,75.07,0.6949,32.0,85.0,24.17
IMG_20260926_172959909.jpg,88.02,71.78,73.59,83.59,81.1,75.07,0.6949,20.0,40.0,15.06
IMG_20260926_172933327.jpg,87.27,71.05,72.72,81.92,81.68,74.33,0.698,25.0,50.0,18.0
IMG_20260926_172933327.jpg,87.27,71.05,72.72,81.92,81.68,74.33,0.698,32.0,85.0,24.98
IMG_20260926_172933327.jpg,87.27,71.05,72.72,81.92,81.68,74.33,0.698,20.0,40.0,15.57
IMG_20260926_173009037.jpg,83.91,69.06,71.81,77.54,80.37,72.93,0.7062,25.0,50.0,19.56
IMG_20260926_173009037.jpg,83.91,69.06,71.81,77.54,80.37,72.93,0.7062,32.0,85.0,27.14
IMG_20260926_173009037.jpg,83.91,69.06,71.81,77.54,80.37,72.93,0.7062,20.0,40.0,16.92
IMG_20260926_173020227.jpg,83.08,66.7,70.08,76.84,82.76,72.73,0.7126,25.0,50.0,20.81
IMG_20260926_173020227.jpg,83.08,66.7,70.08,76.84,82.76,72.73,0.7126,32.0,85.0,28.87
IMG_20260926_173020227.jpg,83.08,66.7,70.08,76.84,82.76,72.73,0.7126,20.0,40.0,18.0
